gradient_rrmse,crossfall_rrmse,gradient_corr,crossfall_corr
0.6383705761842312,1.0352491566413011,0.7509894551777573,0.402999456546187
